,Wijken en buurten,Soort misdrijf,Afwijking t.o.v. lineaire trend,groeifactor t.o.v. zelfde maand vorig jaar,Aantal deze maand dit jaar,Aantal deze maand vorig jaar
0,Rotterdam (Gemeente),1.1.1 Diefstal/inbraak woning,normale groei,0.975,78.0,80.0
1,Rotterdam (Gemeente),1.1.2 Diefstal/inbraak box/garage/schuur,extreem lage groei,0.5135135135135135,38.0,74.0
2,Rotterdam (Gemeente),1.2.1 Diefstal uit/vanaf motorvoertuigen,extreem hoge groei,2.3395061728395063,379.0,162.0
3,Rotterdam (Gemeente),1.2.2 Diefstal van motorvoertuigen,normale groei,1.3333333333333333,56.0,42.0
4,Rotterdam (Gemeente),"1.2.3 Diefstal van brom-, snor-, fietsen",extreem hoge groei,1.50920245398773,492.0,326.0
5,Rotterdam (Gemeente),1.2.4 Zakkenrollerij,extreem hoge groei,2.3043478260869565,53.0,23.0
6,Rotterdam (Gemeente),1.2.5 Diefstal af/uit/van ov. voertuigen,extreem hoge groei,2.017857142857143,113.0,56.0
7,Rotterdam (Gemeente),1.4.3 Openlijk geweld (persoon),extreem hoge groei,2.0,32.0,16.0
8,Rotterdam (Gemeente),1.4.4 Bedreiging,normale groei,0.8232044198895028,149.0,181.0
9,Rotterdam (Gemeente),1.4.5 Mishandeling,normale groei,1.1414634146341462,234.0,205.0
10,Rotterdam (Gemeente),1.4.6 Straatroof,normale groei,0.75,15.0,20.0
11,Rotterdam (Gemeente),1.4.7 Overval,normale groei,0.7777777777777778,7.0,9.0
12,Rotterdam (Gemeente),2.2.1 Vernieling cq. zaakbeschadiging,normale groei,1.1623616236162362,315.0,271.0
13,Rotterdam (Gemeente),2.4.2 Huisvredebreuk,normale groei,0.2777777777777778,5.0,18.0
14,Rotterdam (Gemeente),2.5.1 Diefstal/inbraak bedrijven enz.,extreem hoge groei,1.8888888888888888,51.0,27.0
15,Rotterdam (Gemeente),2.5.2 Winkeldiefstal,normale groei,1.4189189189189189,210.0,148.0
16,Rotterdam (Gemeente),3.1.1 Drugshandel,normale groei,0.8695652173913043,60.0,69.0
17,Rotterdam (Gemeente),3.1.3 Wapenhandel,normale groei,1.1384615384615384,74.0,65.0
18,Rotterdam (Gemeente),3.6.4 Aantasting openbare orde,normale groei,1.054054054054054,39.0,37.0
19,Rotterdam (Gemeente),3.7.4 Cybercrime,normale groei,0.6585365853658537,27.0,41.0
20,Rotterdam (Gemeente),3.9.1 Horizontale fraude,normale groei,0.7633410672853829,329.0,431.0
21,Rotterdam (Gemeente),3.9.3 Fraude (overig),extreem lage groei,0.08333333333333333,1.0,12.0
22,Rotterdam (Gemeente),Geluidshinder overig,extreem lage groei,0.5238623751387348,472.0,901.0
23,Rotterdam (Gemeente),Melding overlast jeugd,normale groei,0.6014492753623188,249.0,414.0
24,Rotterdam (Gemeente),Overlast door verward persoon,normale groei,1.0456140350877192,596.0,570.0
25,Rotterdam (Gemeente),Overlast ivm alcohol/ drugs,normale groei,1.1983122362869199,284.0,237.0
26,Rotterdam (Gemeente),Overlast zwervers,normale groei,1.3036649214659686,249.0,191.0
27,Rotterdam (Gemeente),Totaal misdrijven,extreem hoge groei,1.2591187627662679,4315.0,3427.0
28,Rotterdam (Gemeente),Totaal registraties overlast,extreem lage groei,0.8264150943396227,1971.0,2385.0
29,Rotterdam Centrum (Gebied),1.1.1 Diefstal/inbraak woning,normale groei,0.3,3.0,10.0
30,Rotterdam Centrum (Gebied),1.2.1 Diefstal uit/vanaf motorvoertuigen,extreem hoge groei,3.176470588235294,54.0,17.0
31,Rotterdam Centrum (Gebied),"1.2.3 Diefstal van brom-, snor-, fietsen",extreem hoge groei,2.5531914893617023,120.0,47.0
32,Rotterdam Centrum (Gebied),1.2.4 Zakkenrollerij,normale groei,2.7777777777777777,25.0,9.0
33,Rotterdam Centrum (Gebied),1.2.5 Diefstal af/uit/van ov. voertuigen,extreem hoge groei,4.0,28.0,7.0
34,Rotterdam Centrum (Gebied),1.4.4 Bedreiging,normale groei,1.105263157894737,21.0,19.0
35,Rotterdam Centrum (Gebied),1.4.5 Mishandeling,extreem hoge groei,2.5555555555555554,46.0,18.0
36,Rotterdam Centrum (Gebied),2.2.1 Vernieling cq. zaakbeschadiging,extreem hoge groei,2.25,45.0,20.0
37,Rotterdam Centrum (Gebied),2.5.1 Diefstal/inbraak bedrijven enz.,normale groei,1.375,11.0,8.0
38,Rotterdam Centrum (Gebied),2.5.2 Winkeldiefstal,extreem hoge groei,2.608695652173913,60.0,23.0
39,Rotterdam Centrum (Gebied),3.1.1 Drugshandel,normale groei,2.5,10.0,4.0
40,Rotterdam Centrum (Gebied),3.1.3 Wapenhandel,normale groei,1.0,17.0,17.0
41,Rotterdam Centrum (Gebied),3.6.4 Aantasting openbare orde,normale groei,1.0,13.0,13.0
42,Rotterdam Centrum (Gebied),3.9.1 Horizontale fraude,normale groei,0.9666666666666667,29.0,30.0
43,Rotterdam Centrum (Gebied),Geluidshinder overig,extreem lage groei,0.10126582278481013,8.0,79.0
44,Rotterdam Centrum (Gebied),Melding overlast jeugd,normale groei,0.6153846153846154,16.0,26.0
45,Rotterdam Centrum (Gebied),Overlast door verward persoon,normale groei,0.9411764705882353,48.0,51.0
46,Rotterdam Centrum (Gebied),Overlast ivm alcohol/ drugs,normale groei,1.2666666666666666,38.0,30.0
47,Rotterdam Centrum (Gebied),Overlast zwervers,normale groei,1.472972972972973,109.0,74.0
48,Rotterdam Centrum (Gebied),Totaal misdrijven,extreem hoge groei,2.1078167115902966,782.0,371.0
49,Rotterdam Centrum (Gebied),Totaal registraties overlast,normale groei,0.9824561403508771,280.0,285.0
50,Delfshaven (Gebied),1.1.1 Diefstal/inbraak woning,normale groei,0.5454545454545454,6.0,11.0
51,Delfshaven (Gebied),1.2.1 Diefstal uit/vanaf motorvoertuigen,extreem hoge groei,4.7,47.0,10.0
52,Delfshaven (Gebied),1.2.2 Diefstal van motorvoertuigen,normale groei,1.8571428571428572,13.0,7.0
53,Delfshaven (Gebied),"1.2.3 Diefstal van brom-, snor-, fietsen",normale groei,1.4285714285714286,40.0,28.0
54,Delfshaven (Gebied),1.2.5 Diefstal af/uit/van ov. voertuigen,normale groei,2.5,10.0,4.0
55,Delfshaven (Gebied),1.4.4 Bedreiging,normale groei,1.125,27.0,24.0
56,Delfshaven (Gebied),1.4.5 Mishandeling,normale groei,0.8478260869565217,39.0,46.0
57,Delfshaven (Gebied),2.2.1 Vernieling cq. zaakbeschadiging,normale groei,0.725,29.0,40.0
58,Delfshaven (Gebied),2.5.1 Diefstal/inbraak bedrijven enz.,extreem hoge groei,8.0,8.0,1.0
59,Delfshaven (Gebied),2.5.2 Winkeldiefstal,normale groei,1.45,29.0,20.0
60,Delfshaven (Gebied),3.1.1 Drugshandel,normale groei,0.75,3.0,4.0
61,Delfshaven (Gebied),3.1.3 Wapenhandel,normale groei,1.5714285714285714,11.0,7.0
62,Delfshaven (Gebied),3.9.1 Horizontale fraude,normale groei,1.2045454545454546,53.0,44.0
63,Delfshaven (Gebied),Geluidshinder overig,extreem lage groei,0.3984375,51.0,128.0
64,Delfshaven (Gebied),Melding overlast jeugd,normale groei,0.5,33.0,66.0
65,Delfshaven (Gebied),Overlast door verward persoon,normale groei,1.2238805970149254,82.0,67.0
66,Delfshaven (Gebied),Overlast ivm alcohol/ drugs,normale groei,0.9166666666666666,22.0,24.0
67,Delfshaven (Gebied),Overlast zwervers,normale groei,0.9393939393939394,31.0,33.0
68,Delfshaven (Gebied),Totaal misdrijven,extreem hoge groei,1.272264631043257,500.0,393.0
69,Delfshaven (Gebied),Totaal registraties overlast,extreem lage groei,0.6996996996996997,233.0,333.0
70,Overschie (Gebied),1.2.1 Diefstal uit/vanaf motorvoertuigen,normale groei,1.4285714285714286,10.0,7.0
71,Overschie (Gebied),2.2.1 Vernieling cq. zaakbeschadiging,normale groei,1.0,6.0,6.0
72,Overschie (Gebied),Geluidshinder overig,normale groei,1.2307692307692308,16.0,13.0
73,Overschie (Gebied),Overlast door verward persoon,normale groei,1.0833333333333333,13.0,12.0
74,Overschie (Gebied),Totaal misdrijven,extreem hoge groei,1.537313432835821,103.0,67.0
75,Overschie (Gebied),Totaal registraties overlast,normale groei,1.0454545454545454,46.0,44.0
76,Noord (Gebied),1.1.1 Diefstal/inbraak woning,extreem hoge groei,2.75,11.0,4.0
77,Noord (Gebied),1.2.1 Diefstal uit/vanaf motorvoertuigen,extreem hoge groei,3.1,31.0,10.0
78,Noord (Gebied),"1.2.3 Diefstal van brom-, snor-, fietsen",normale groei,1.1666666666666667,56.0,48.0
79,Noord (Gebied),1.4.4 Bedreiging,normale groei,0.6923076923076923,9.0,13.0
80,Noord (Gebied),1.4.5 Mishandeling,normale groei,0.8333333333333334,10.0,12.0
81,Noord (Gebied),2.2.1 Vernieling cq. zaakbeschadiging,normale groei,1.3333333333333333,24.0,18.0
82,Noord (Gebied),2.5.2 Winkeldiefstal,normale groei,1.8,18.0,10.0
83,Noord (Gebied),3.9.1 Horizontale fraude,normale groei,0.42857142857142855,15.0,35.0
84,Noord (Gebied),Geluidshinder overig,normale groei,0.7441860465116279,64.0,86.0
85,Noord (Gebied),Melding overlast jeugd,normale groei,0.8333333333333334,15.0,18.0
86,Noord (Gebied),Overlast door verward persoon,normale groei,1.170731707317073,48.0,41.0
87,Noord (Gebied),Totaal misdrijven,normale groei,1.1449814126394051,308.0,269.0
88,Noord (Gebied),Totaal registraties overlast,normale groei,1.0603015075376885,211.0,199.0
89,Hillegersberg-Schiebroek (Gebied),1.1.1 Diefstal/inbraak woning,extreem hoge groei,2.5,10.0,4.0
90,Hillegersberg-Schiebroek (Gebied),1.2.1 Diefstal uit/vanaf motorvoertuigen,normale groei,1.0909090909090908,12.0,11.0
91,Hillegersberg-Schiebroek (Gebied),1.2.2 Diefstal van motorvoertuigen,normale groei,2.3333333333333335,7.0,3.0
92,Hillegersberg-Schiebroek (Gebied),"1.2.3 Diefstal van brom-, snor-, fietsen",normale groei,0.8148148148148148,22.0,27.0
93,Hillegersberg-Schiebroek (Gebied),1.4.4 Bedreiging,normale groei,0.25,3.0,12.0
94,Hillegersberg-Schiebroek (Gebied),1.4.5 Mishandeling,normale groei,1.2857142857142858,9.0,7.0
95,Hillegersberg-Schiebroek (Gebied),2.2.1 Vernieling cq. zaakbeschadiging,normale groei,0.7368421052631579,14.0,19.0
96,Hillegersberg-Schiebroek (Gebied),Geluidshinder overig,normale groei,1.0212765957446808,48.0,47.0
97,Hillegersberg-Schiebroek (Gebied),Melding overlast jeugd,normale groei,0.9393939393939394,31.0,33.0
98,Hillegersberg-Schiebroek (Gebied),Overlast door verward persoon,normale groei,1.3157894736842106,50.0,38.0
99,Hillegersberg-Schiebroek (Gebied),Totaal misdrijven,normale groei,0.956989247311828,178.0,186.0
100,Hillegersberg-Schiebroek (Gebied),Totaal registraties overlast,normale groei,1.0955882352941178,149.0,136.0
101,Kralingen-Crooswijk (Gebied),1.1.1 Diefstal/inbraak woning,normale groei,0.9230769230769231,12.0,13.0
102,Kralingen-Crooswijk (Gebied),1.1.2 Diefstal/inbraak box/garage/schuur,normale groei,0.25,2.0,8.0
103,Kralingen-Crooswijk (Gebied),1.2.1 Diefstal uit/vanaf motorvoertuigen,normale groei,2.176470588235294,37.0,17.0
104,Kralingen-Crooswijk (Gebied),"1.2.3 Diefstal van brom-, snor-, fietsen",normale groei,1.1428571428571428,48.0,42.0
105,Kralingen-Crooswijk (Gebied),1.4.4 Bedreiging,extreem lage groei,0.3,3.0,10.0
106,Kralingen-Crooswijk (Gebied),1.4.5 Mishandeling,normale groei,1.125,9.0,8.0
107,Kralingen-Crooswijk (Gebied),2.2.1 Vernieling cq. zaakbeschadiging,normale groei,1.5,30.0,20.0
108,Kralingen-Crooswijk (Gebied),2.5.1 Diefstal/inbraak bedrijven enz.,normale groei,3.0,6.0,2.0
109,Kralingen-Crooswijk (Gebied),2.5.2 Winkeldiefstal,normale groei,0.85,17.0,20.0
110,Kralingen-Crooswijk (Gebied),3.9.1 Horizontale fraude,normale groei,0.4375,14.0,32.0
111,Kralingen-Crooswijk (Gebied),Geluidshinder overig,normale groei,0.675,81.0,120.0
112,Kralingen-Crooswijk (Gebied),Melding overlast jeugd,normale groei,0.8333333333333334,25.0,30.0
113,Kralingen-Crooswijk (Gebied),Overlast door verward persoon,normale groei,0.9387755102040817,46.0,49.0
114,Kralingen-Crooswijk (Gebied),Totaal misdrijven,normale groei,1.1484098939929328,325.0,283.0
115,Kralingen-Crooswijk (Gebied),Totaal registraties overlast,normale groei,0.8447488584474886,185.0,219.0
116,Feijenoord (Gebied),1.1.1 Diefstal/inbraak woning,normale groei,0.7142857142857143,10.0,14.0
117,Feijenoord (Gebied),1.1.2 Diefstal/inbraak box/garage/schuur,normale groei,1.2,6.0,5.0
118,Feijenoord (Gebied),1.2.1 Diefstal uit/vanaf motorvoertuigen,normale groei,0.8709677419354839,27.0,31.0
119,Feijenoord (Gebied),1.2.2 Diefstal van motorvoertuigen,normale groei,0.42857142857142855,3.0,7.0
120,Feijenoord (Gebied),"1.2.3 Diefstal van brom-, snor-, fietsen",normale groei,2.1176470588235294,72.0,34.0
121,Feijenoord (Gebied),1.2.5 Diefstal af/uit/van ov. voertuigen,normale groei,0.6666666666666666,8.0,12.0
122,Feijenoord (Gebied),1.4.4 Bedreiging,normale groei,0.6333333333333333,19.0,30.0
123,Feijenoord (Gebied),1.4.5 Mishandeling,normale groei,0.9285714285714286,26.0,28.0
124,Feijenoord (Gebied),2.2.1 Vernieling cq. zaakbeschadiging,normale groei,1.206896551724138,35.0,29.0
125,Feijenoord (Gebied),2.5.2 Winkeldiefstal,normale groei,0.7333333333333333,11.0,15.0
126,Feijenoord (Gebied),3.9.1 Horizontale fraude,normale groei,0.5625,36.0,64.0
127,Feijenoord (Gebied),Geluidshinder overig,extreem lage groei,0.3375,27.0,80.0
128,Feijenoord (Gebied),Melding overlast jeugd,normale groei,0.5510204081632653,27.0,49.0
129,Feijenoord (Gebied),Overlast door verward persoon,normale groei,0.8082191780821918,59.0,73.0
130,Feijenoord (Gebied),Overlast ivm alcohol/ drugs,normale groei,1.7333333333333334,52.0,30.0
131,Feijenoord (Gebied),Totaal misdrijven,normale groei,1.085308056872038,458.0,422.0
132,Feijenoord (Gebied),Totaal registraties overlast,normale groei,0.7590361445783133,189.0,249.0
133,IJsselmonde (Gebied),1.2.1 Diefstal uit/vanaf motorvoertuigen,normale groei,1.380952380952381,29.0,21.0
134,IJsselmonde (Gebied),1.2.2 Diefstal van motorvoertuigen,normale groei,2.3333333333333335,7.0,3.0
135,IJsselmonde (Gebied),"1.2.3 Diefstal van brom-, snor-, fietsen",normale groei,0.8125,13.0,16.0
136,IJsselmonde (Gebied),1.2.5 Diefstal af/uit/van ov. voertuigen,extreem hoge groei,6.0,6.0,1.0
137,IJsselmonde (Gebied),1.4.4 Bedreiging,normale groei,2.076923076923077,27.0,13.0
138,IJsselmonde (Gebied),1.4.5 Mishandeling,normale groei,0.9310344827586207,27.0,29.0
139,IJsselmonde (Gebied),2.2.1 Vernieling cq. zaakbeschadiging,normale groei,0.9629629629629629,26.0,27.0
140,IJsselmonde (Gebied),2.5.2 Winkeldiefstal,normale groei,0.8666666666666667,13.0,15.0
141,IJsselmonde (Gebied),3.9.1 Horizontale fraude,normale groei,1.736842105263158,66.0,38.0
142,IJsselmonde (Gebied),Geluidshinder overig,normale groei,0.7714285714285715,54.0,70.0
143,IJsselmonde (Gebied),Melding overlast jeugd,normale groei,0.6363636363636364,28.0,44.0
144,IJsselmonde (Gebied),Overlast door verward persoon,normale groei,0.8048780487804879,33.0,41.0
145,IJsselmonde (Gebied),Totaal misdrijven,extreem hoge groei,1.2909698996655519,386.0,299.0
146,IJsselmonde (Gebied),Totaal registraties overlast,normale groei,0.9213483146067416,164.0,178.0
147,Pernis (Gebied),Totaal misdrijven,normale groei,1.1111111111111112,10.0,9.0
148,Prins Alexander (Gebied),1.1.1 Diefstal/inbraak woning,normale groei,0.8571428571428571,6.0,7.0
149,Prins Alexander (Gebied),1.1.2 Diefstal/inbraak box/garage/schuur,extreem lage groei,0.17647058823529413,3.0,17.0
150,Prins Alexander (Gebied),1.2.1 Diefstal uit/vanaf motorvoertuigen,normale groei,2.0,34.0,17.0
151,Prins Alexander (Gebied),1.2.2 Diefstal van motorvoertuigen,extreem lage groei,0.3333333333333333,3.0,9.0
152,Prins Alexander (Gebied),"1.2.3 Diefstal van brom-, snor-, fietsen",normale groei,1.3461538461538463,35.0,26.0
153,Prins Alexander (Gebied),1.4.4 Bedreiging,normale groei,0.5625,9.0,16.0
154,Prins Alexander (Gebied),1.4.5 Mishandeling,extreem hoge groei,2.5714285714285716,18.0,7.0
155,Prins Alexander (Gebied),2.2.1 Vernieling cq. zaakbeschadiging,normale groei,0.5555555555555556,15.0,27.0
156,Prins Alexander (Gebied),2.5.2 Winkeldiefstal,normale groei,1.1666666666666667,21.0,18.0
157,Prins Alexander (Gebied),Geluidshinder overig,extreem lage groei,0.6164383561643836,45.0,73.0
158,Prins Alexander (Gebied),Melding overlast jeugd,normale groei,0.5454545454545454,24.0,44.0
159,Prins Alexander (Gebied),Overlast door verward persoon,normale groei,1.0,80.0,80.0
160,Prins Alexander (Gebied),Totaal misdrijven,normale groei,0.9008264462809917,327.0,363.0
161,Prins Alexander (Gebied),Totaal registraties overlast,extreem lage groei,0.7094017094017094,166.0,234.0
162,Charlois (Gebied),1.1.1 Diefstal/inbraak woning,normale groei,1.2,6.0,5.0
163,Charlois (Gebied),1.1.2 Diefstal/inbraak box/garage/schuur,normale groei,0.38095238095238093,8.0,21.0
164,Charlois (Gebied),1.2.1 Diefstal uit/vanaf motorvoertuigen,extreem hoge groei,5.166666666666667,62.0,12.0
165,Charlois (Gebied),1.2.2 Diefstal van motorvoertuigen,normale groei,1.75,7.0,4.0
166,Charlois (Gebied),"1.2.3 Diefstal van brom-, snor-, fietsen",normale groei,1.475,59.0,40.0
167,Charlois (Gebied),1.2.5 Diefstal af/uit/van ov. voertuigen,normale groei,3.75,15.0,4.0
168,Charlois (Gebied),1.4.4 Bedreiging,normale groei,0.6363636363636364,14.0,22.0
169,Charlois (Gebied),1.4.5 Mishandeling,normale groei,0.8529411764705882,29.0,34.0
170,Charlois (Gebied),1.4.6 Straatroof,normale groei,0.6666666666666666,2.0,3.0
171,Charlois (Gebied),2.2.1 Vernieling cq. zaakbeschadiging,normale groei,1.2325581395348837,53.0,43.0
172,Charlois (Gebied),2.5.1 Diefstal/inbraak bedrijven enz.,normale groei,0.3333333333333333,1.0,3.0
173,Charlois (Gebied),2.5.2 Winkeldiefstal,normale groei,1.2608695652173914,29.0,23.0
174,Charlois (Gebied),3.1.1 Drugshandel,normale groei,1.3333333333333333,20.0,15.0
175,Charlois (Gebied),3.1.3 Wapenhandel,normale groei,0.8333333333333334,10.0,12.0
176,Charlois (Gebied),3.9.1 Horizontale fraude,normale groei,0.42,21.0,50.0
177,Charlois (Gebied),Geluidshinder overig,extreem lage groei,0.40869565217391307,47.0,115.0
178,Charlois (Gebied),Melding overlast jeugd,extreem lage groei,0.4423076923076923,23.0,52.0
179,Charlois (Gebied),Overlast door verward persoon,normale groei,1.208955223880597,81.0,67.0
180,Charlois (Gebied),Overlast zwervers,normale groei,1.0769230769230769,28.0,26.0
181,Charlois (Gebied),Totaal misdrijven,normale groei,1.1477516059957173,536.0,467.0
182,Charlois (Gebied),Totaal registraties overlast,normale groei,0.7491749174917491,227.0,303.0
183,Hoogvliet (Gebied),1.2.1 Diefstal uit/vanaf motorvoertuigen,normale groei,1.0,3.0,3.0
184,Hoogvliet (Gebied),1.4.4 Bedreiging,normale groei,0.46153846153846156,6.0,13.0
185,Hoogvliet (Gebied),1.4.5 Mishandeling,normale groei,0.75,6.0,8.0
186,Hoogvliet (Gebied),2.2.1 Vernieling cq. zaakbeschadiging,normale groei,1.9,19.0,10.0
187,Hoogvliet (Gebied),Geluidshinder overig,extreem lage groei,0.3076923076923077,16.0,52.0
188,Hoogvliet (Gebied),Melding overlast jeugd,normale groei,0.5294117647058824,9.0,17.0
189,Hoogvliet (Gebied),Overlast door verward persoon,normale groei,1.5862068965517242,46.0,29.0
190,Hoogvliet (Gebied),Totaal misdrijven,normale groei,1.1081081081081081,123.0,111.0
191,Hoogvliet (Gebied),Totaal registraties overlast,normale groei,0.7,77.0,110.0
192,Hoek van Holland (Gebied),Totaal misdrijven,normale groei,0.88,22.0,25.0
193,Hoek van Holland (Gebied),Totaal registraties overlast,normale groei,0.4642857142857143,13.0,28.0
194,Spaanse Polder (Gebied),1.2.1 Diefstal uit/vanaf motorvoertuigen,normale groei,3.25,13.0,4.0
195,Spaanse Polder (Gebied),Totaal misdrijven,extreem hoge groei,2.8,70.0,25.0
196,Nieuw Mathenesse (Gebied),Totaal misdrijven,extreem hoge groei,4.636363636363637,51.0,11.0
197,Waalhaven-Eemhaven (Gebied),Totaal misdrijven,normale groei,1.16,29.0,25.0
198,Botlek-Europoort-Maasvlakte (Gebied),Totaal misdrijven,normale groei,1.0208333333333333,49.0,48.0
199,Rotterdam-Noord-West (Gebied),Totaal misdrijven,normale groei,2.142857142857143,15.0,7.0
200,Rozenburg (Gebied),Geluidshinder overig,normale groei,0.29411764705882354,5.0,17.0
201,Rozenburg (Gebied),Melding overlast jeugd,normale groei,0.3125,5.0,16.0
202,Rozenburg (Gebied),Totaal misdrijven,normale groei,0.875,35.0,40.0
203,Rozenburg (Gebied),Totaal registraties overlast,extreem lage groei,0.2894736842105263,11.0,38.0
204,Stadsdriehoek,1.2.1 Diefstal uit/vanaf motorvoertuigen,normale groei,3.4,17.0,5.0
205,Stadsdriehoek,"1.2.3 Diefstal van brom-, snor-, fietsen",normale groei,1.9090909090909092,42.0,22.0
206,Stadsdriehoek,1.2.4 Zakkenrollerij,extreem hoge groei,6.0,6.0,1.0
207,Stadsdriehoek,1.4.4 Bedreiging,normale groei,0.625,5.0,8.0
208,Stadsdriehoek,1.4.5 Mishandeling,normale groei,2.5,10.0,4.0
209,Stadsdriehoek,2.2.1 Vernieling cq. zaakbeschadiging,normale groei,1.9,19.0,10.0
210,Stadsdriehoek,2.5.1 Diefstal/inbraak bedrijven enz.,normale groei,0.42857142857142855,3.0,7.0
211,Stadsdriehoek,2.5.2 Winkeldiefstal,extreem hoge groei,4.25,17.0,4.0
212,Stadsdriehoek,Geluidshinder overig,extreem lage groei,0.11627906976744186,5.0,43.0
213,Stadsdriehoek,Overlast door verward persoon,normale groei,0.7692307692307693,20.0,26.0
214,Stadsdriehoek,Overlast ivm alcohol/ drugs,normale groei,0.6428571428571429,9.0,14.0
215,Stadsdriehoek,Overlast zwervers,normale groei,1.3333333333333333,24.0,18.0
216,Stadsdriehoek,Totaal misdrijven,extreem hoge groei,1.9219858156028369,271.0,141.0
217,Stadsdriehoek,Totaal registraties overlast,extreem lage groei,0.6890756302521008,82.0,119.0
218,Oude Westen,1.2.1 Diefstal uit/vanaf motorvoertuigen,normale groei,2.3333333333333335,7.0,3.0
219,Oude Westen,"1.2.3 Diefstal van brom-, snor-, fietsen",normale groei,3.5,14.0,4.0
220,Oude Westen,1.4.5 Mishandeling,extreem hoge groei,10.0,10.0,1.0
221,Oude Westen,Overlast door verward persoon,normale groei,0.8571428571428571,6.0,7.0
222,Oude Westen,Overlast ivm alcohol/ drugs,normale groei,1.2,6.0,5.0
223,Oude Westen,Totaal misdrijven,extreem hoge groei,1.6415094339622642,87.0,53.0
224,Oude Westen,Totaal registraties overlast,normale groei,0.8125,39.0,48.0
225,Cool,1.2.1 Diefstal uit/vanaf motorvoertuigen,normale groei,2.2857142857142856,16.0,7.0
226,Cool,"1.2.3 Diefstal van brom-, snor-, fietsen",extreem hoge groei,12.333333333333334,37.0,3.0
227,Cool,1.2.4 Zakkenrollerij,normale groei,2.75,11.0,4.0
228,Cool,1.4.5 Mishandeling,extreem hoge groei,2.857142857142857,20.0,7.0
229,Cool,2.2.1 Vernieling cq. zaakbeschadiging,extreem hoge groei,3.2,16.0,5.0
230,Cool,2.5.2 Winkeldiefstal,extreem hoge groei,8.0,40.0,5.0
231,Cool,Overlast ivm alcohol/ drugs,normale groei,2.0,16.0,8.0
232,Cool,Totaal misdrijven,extreem hoge groei,3.3209876543209877,269.0,81.0
233,Cool,Totaal registraties overlast,normale groei,1.875,120.0,64.0
234,Cs Kwartier,"1.2.3 Diefstal van brom-, snor-, fietsen",normale groei,0.8,12.0,15.0
235,Cs Kwartier,Totaal misdrijven,normale groei,1.5961538461538463,83.0,52.0
236,Cs Kwartier,Totaal registraties overlast,normale groei,0.6666666666666666,20.0,30.0
237,Nieuwe Werk,Totaal misdrijven,normale groei,1.8,36.0,20.0
238,Dijkzigt,Totaal misdrijven,normale groei,1.5,36.0,24.0
239,Delfshaven,Geluidshinder overig,normale groei,0.4117647058823529,7.0,17.0
240,Delfshaven,Totaal misdrijven,extreem hoge groei,1.5454545454545454,51.0,33.0
241,Delfshaven,Totaal registraties overlast,normale groei,0.5660377358490566,30.0,53.0
242,Bospolder,Totaal misdrijven,normale groei,1.0606060606060606,35.0,33.0
243,Bospolder,Totaal registraties overlast,extreem lage groei,0.28125,9.0,32.0
244,Tussendijken,2.2.1 Vernieling cq. zaakbeschadiging,normale groei,0.4,2.0,5.0
245,Tussendijken,Totaal misdrijven,normale groei,0.6938775510204082,34.0,49.0
246,Tussendijken,Totaal registraties overlast,normale groei,0.55,22.0,40.0
247,Spangen,Totaal misdrijven,extreem hoge groei,1.8076923076923077,94.0,52.0
248,Spangen,Totaal registraties overlast,normale groei,1.375,44.0,32.0
249,Nieuwe Westen,1.2.1 Diefstal uit/vanaf motorvoertuigen,extreem hoge groei,5.5,11.0,2.0
250,Nieuwe Westen,"1.2.3 Diefstal van brom-, snor-, fietsen",normale groei,0.8181818181818182,9.0,11.0
251,Nieuwe Westen,1.4.4 Bedreiging,normale groei,1.4,7.0,5.0
252,Nieuwe Westen,1.4.5 Mishandeling,normale groei,0.875,7.0,8.0
253,Nieuwe Westen,2.2.1 Vernieling cq. zaakbeschadiging,normale groei,0.38461538461538464,5.0,13.0
254,Nieuwe Westen,Geluidshinder overig,extreem lage groei,0.3157894736842105,12.0,38.0
255,Nieuwe Westen,Overlast door verward persoon,normale groei,1.75,14.0,8.0
256,Nieuwe Westen,Totaal misdrijven,normale groei,1.054945054945055,96.0,91.0
257,Nieuwe Westen,Totaal registraties overlast,normale groei,0.6455696202531646,51.0,79.0
258,Middelland,"1.2.3 Diefstal van brom-, snor-, fietsen",normale groei,0.875,7.0,8.0
259,Middelland,1.4.5 Mishandeling,normale groei,0.8571428571428571,6.0,7.0
260,Middelland,2.2.1 Vernieling cq. zaakbeschadiging,normale groei,2.0,8.0,4.0
261,Middelland,Geluidshinder overig,extreem lage groei,0.05,1.0,20.0
262,Middelland,Totaal misdrijven,normale groei,1.46875,94.0,64.0
263,Middelland,Totaal registraties overlast,normale groei,0.7083333333333334,34.0,48.0
264,Oud Mathenesse,2.2.1 Vernieling cq. zaakbeschadiging,normale groei,1.3333333333333333,4.0,3.0
265,Oud Mathenesse,Geluidshinder overig,normale groei,0.8571428571428571,12.0,14.0
266,Oud Mathenesse,Totaal misdrijven,normale groei,1.0,41.0,41.0
267,Oud Mathenesse,Totaal registraties overlast,normale groei,1.1851851851851851,32.0,27.0
268,Schiemond,Totaal misdrijven,extreem hoge groei,1.8928571428571428,53.0,28.0
269,Schiemond,Totaal registraties overlast,normale groei,0.5,11.0,22.0
270,Kleinpolder,Totaal misdrijven,normale groei,1.0571428571428572,37.0,35.0
271,Kleinpolder,Totaal registraties overlast,normale groei,1.2222222222222223,22.0,18.0
272,Zestienhoven,Totaal misdrijven,normale groei,2.1,21.0,10.0
273,Overschie,Totaal misdrijven,extreem hoge groei,2.0,36.0,18.0
274,Overschie,Totaal registraties overlast,normale groei,0.7727272727272727,17.0,22.0
275,Agniesebuurt,"1.2.3 Diefstal van brom-, snor-, fietsen",normale groei,0.5,3.0,6.0
276,Agniesebuurt,Totaal misdrijven,normale groei,0.9393939393939394,31.0,33.0
277,Agniesebuurt,Totaal registraties overlast,normale groei,0.9629629629629629,26.0,27.0
278,Provenierswijk,"1.2.3 Diefstal van brom-, snor-, fietsen",normale groei,0.3333333333333333,2.0,6.0
279,Provenierswijk,Totaal misdrijven,normale groei,0.6666666666666666,14.0,21.0
280,Provenierswijk,Totaal registraties overlast,normale groei,0.7142857142857143,20.0,28.0
281,Bergpolder,"1.2.3 Diefstal van brom-, snor-, fietsen",normale groei,1.5,9.0,6.0
282,Bergpolder,Geluidshinder overig,normale groei,1.0526315789473684,20.0,19.0
283,Bergpolder,Totaal misdrijven,normale groei,0.8717948717948718,34.0,39.0
284,Bergpolder,Totaal registraties overlast,normale groei,0.7692307692307693,30.0,39.0
285,Blijdorp,1.2.1 Diefstal uit/vanaf motorvoertuigen,normale groei,2.6666666666666665,8.0,3.0
286,Blijdorp,Geluidshinder overig,normale groei,0.75,6.0,8.0
287,Blijdorp,Totaal misdrijven,normale groei,1.6363636363636365,72.0,44.0
288,Blijdorp,Totaal registraties overlast,normale groei,1.0476190476190477,22.0,21.0
289,Liskwartier,1.2.1 Diefstal uit/vanaf motorvoertuigen,normale groei,2.0,4.0,2.0
290,Liskwartier,"1.2.3 Diefstal van brom-, snor-, fietsen",normale groei,3.5,7.0,2.0
291,Liskwartier,Totaal misdrijven,normale groei,1.088235294117647,37.0,34.0
292,Liskwartier,Totaal registraties overlast,normale groei,0.967741935483871,30.0,31.0
293,Oude Noorden,1.2.1 Diefstal uit/vanaf motorvoertuigen,normale groei,2.3333333333333335,7.0,3.0
294,Oude Noorden,"1.2.3 Diefstal van brom-, snor-, fietsen",normale groei,0.6,12.0,20.0
295,Oude Noorden,1.4.5 Mishandeling,normale groei,0.8,4.0,5.0
296,Oude Noorden,2.2.1 Vernieling cq. zaakbeschadiging,normale groei,1.5,9.0,6.0
297,Oude Noorden,Geluidshinder overig,normale groei,0.8461538461538461,22.0,26.0
298,Oude Noorden,Melding overlast jeugd,normale groei,1.4,7.0,5.0
299,Oude Noorden,Overlast door verward persoon,normale groei,2.2,22.0,10.0
300,Oude Noorden,Totaal misdrijven,normale groei,1.1162790697674418,96.0,86.0
301,Oude Noorden,Totaal registraties overlast,normale groei,1.588235294117647,81.0,51.0
302,Blijdorpsepolder,Totaal misdrijven,normale groei,2.0,24.0,12.0
303,Schiebroek,"1.2.3 Diefstal van brom-, snor-, fietsen",normale groei,1.3076923076923077,17.0,13.0
304,Schiebroek,2.2.1 Vernieling cq. zaakbeschadiging,normale groei,1.0,5.0,5.0
305,Schiebroek,Geluidshinder overig,normale groei,1.2962962962962963,35.0,27.0
306,Schiebroek,Totaal misdrijven,normale groei,0.9868421052631579,75.0,76.0
307,Schiebroek,Totaal registraties overlast,normale groei,1.0705882352941176,91.0,85.0
308,Hillegersberg Zuid,1.2.1 Diefstal uit/vanaf motorvoertuigen,normale groei,1.6666666666666667,5.0,3.0
309,Hillegersberg Zuid,"1.2.3 Diefstal van brom-, snor-, fietsen",normale groei,0.6666666666666666,2.0,3.0
310,Hillegersberg Zuid,Totaal misdrijven,normale groei,1.0857142857142856,38.0,35.0
311,Hillegersberg Zuid,Totaal registraties overlast,normale groei,1.2666666666666666,19.0,15.0
312,Hillegersberg Noord,Totaal misdrijven,normale groei,0.8181818181818182,36.0,44.0
313,Hillegersberg Noord,Totaal registraties overlast,normale groei,1.5789473684210527,30.0,19.0
314,Terbregge,Totaal misdrijven,normale groei,0.6470588235294118,11.0,17.0
315,Molenlaankwartier,Totaal misdrijven,normale groei,1.2857142857142858,18.0,14.0
316,Rubroek,"1.2.3 Diefstal van brom-, snor-, fietsen",normale groei,2.2,11.0,5.0
317,Rubroek,Geluidshinder overig,normale groei,0.8888888888888888,8.0,9.0
318,Rubroek,Totaal misdrijven,normale groei,0.9423076923076923,49.0,52.0
319,Rubroek,Totaal registraties overlast,normale groei,1.096774193548387,34.0,31.0
320,Nieuw Crooswijk,Totaal misdrijven,normale groei,0.7083333333333334,17.0,24.0
321,Oud Crooswijk,Geluidshinder overig,normale groei,1.0,6.0,6.0
322,Oud Crooswijk,Totaal misdrijven,normale groei,0.9487179487179487,37.0,39.0
323,Oud Crooswijk,Totaal registraties overlast,normale groei,0.85,17.0,20.0
324,Kralingen West,1.2.1 Diefstal uit/vanaf motorvoertuigen,normale groei,1.0,5.0,5.0
325,Kralingen West,"1.2.3 Diefstal van brom-, snor-, fietsen",normale groei,1.2142857142857142,17.0,14.0
326,Kralingen West,2.2.1 Vernieling cq. zaakbeschadiging,normale groei,2.0,8.0,4.0
327,Kralingen West,Geluidshinder overig,normale groei,0.6078431372549019,31.0,51.0
328,Kralingen West,Melding overlast jeugd,normale groei,3.3333333333333335,10.0,3.0
329,Kralingen West,Overlast door verward persoon,normale groei,0.9285714285714286,13.0,14.0
330,Kralingen West,Totaal misdrijven,normale groei,0.875,77.0,88.0
331,Kralingen West,Totaal registraties overlast,normale groei,0.7662337662337663,59.0,77.0
332,Kralingen Oost,1.2.1 Diefstal uit/vanaf motorvoertuigen,extreem hoge groei,5.666666666666667,17.0,3.0
333,Kralingen Oost,"1.2.3 Diefstal van brom-, snor-, fietsen",normale groei,0.4444444444444444,4.0,9.0
334,Kralingen Oost,Geluidshinder overig,normale groei,0.5357142857142857,15.0,28.0
335,Kralingen Oost,Totaal misdrijven,normale groei,1.3103448275862069,38.0,29.0
336,Kralingen Oost,Totaal registraties overlast,normale groei,0.6176470588235294,21.0,34.0
337,Kralingse Bos,Totaal misdrijven,normale groei,1.0666666666666667,16.0,15.0
338,De Esch,Totaal misdrijven,normale groei,1.8421052631578947,35.0,19.0
339,De Esch,Totaal registraties overlast,normale groei,0.5416666666666666,13.0,24.0
340,Struisenburg,Totaal misdrijven,extreem hoge groei,3.2941176470588234,56.0,17.0
341,Struisenburg,Totaal registraties overlast,normale groei,1.1428571428571428,24.0,21.0
342,Kop van Zuid,Totaal misdrijven,extreem hoge groei,3.0588235294117645,52.0,17.0
343,Kop van Zuid - Entrepot,Totaal misdrijven,normale groei,1.0857142857142856,38.0,35.0
344,Kop van Zuid - Entrepot,Totaal registraties overlast,normale groei,0.5238095238095238,22.0,42.0
345,Vreewijk,1.2.1 Diefstal uit/vanaf motorvoertuigen,normale groei,1.2,12.0,10.0
346,Vreewijk,"1.2.3 Diefstal van brom-, snor-, fietsen",normale groei,2.142857142857143,15.0,7.0
347,Vreewijk,1.4.4 Bedreiging,normale groei,0.6666666666666666,4.0,6.0
348,Vreewijk,1.4.5 Mishandeling,normale groei,0.8,4.0,5.0
349,Vreewijk,2.2.1 Vernieling cq. zaakbeschadiging,normale groei,1.0,8.0,8.0
350,Vreewijk,Geluidshinder overig,extreem lage groei,0.16666666666666666,3.0,18.0
351,Vreewijk,Overlast door verward persoon,normale groei,0.65,13.0,20.0
352,Vreewijk,Totaal misdrijven,normale groei,1.053763440860215,98.0,93.0
353,Vreewijk,Totaal registraties overlast,normale groei,0.7547169811320755,40.0,53.0
354,Bloemhof,1.4.4 Bedreiging,normale groei,0.5,3.0,6.0
355,Bloemhof,1.4.5 Mishandeling,normale groei,0.4,4.0,10.0
356,Bloemhof,2.2.1 Vernieling cq. zaakbeschadiging,normale groei,0.375,3.0,8.0
357,Bloemhof,Geluidshinder overig,normale groei,0.5833333333333334,7.0,12.0
358,Bloemhof,Melding overlast jeugd,extreem lage groei,0.16666666666666666,2.0,12.0
359,Bloemhof,Overlast door verward persoon,normale groei,2.1666666666666665,13.0,6.0
360,Bloemhof,Overlast ivm alcohol/ drugs,normale groei,1.2222222222222223,11.0,9.0
361,Bloemhof,Totaal misdrijven,normale groei,0.6219512195121951,51.0,82.0
362,Bloemhof,Totaal registraties overlast,normale groei,0.9523809523809523,40.0,42.0
363,Hillesluis,1.4.5 Mishandeling,normale groei,2.0,8.0,4.0
364,Hillesluis,2.2.1 Vernieling cq. zaakbeschadiging,extreem hoge groei,7.0,14.0,2.0
365,Hillesluis,Geluidshinder overig,normale groei,1.0,4.0,4.0
366,Hillesluis,Totaal misdrijven,normale groei,1.082191780821918,79.0,73.0
367,Hillesluis,Totaal registraties overlast,normale groei,1.1111111111111112,30.0,27.0
368,Katendrecht,Totaal misdrijven,normale groei,1.0588235294117647,36.0,34.0
369,Katendrecht,Totaal registraties overlast,normale groei,1.0,3.0,3.0
370,Afrikaanderwijk,Totaal misdrijven,normale groei,1.02,51.0,50.0
371,Afrikaanderwijk,Totaal registraties overlast,normale groei,0.7333333333333333,22.0,30.0
372,Feijenoord,Totaal misdrijven,normale groei,1.3703703703703705,37.0,27.0
373,Feijenoord,Totaal registraties overlast,normale groei,0.7037037037037037,19.0,27.0
374,Noordereiland,Totaal misdrijven,normale groei,1.4545454545454546,16.0,11.0
375,Noordereiland,Totaal registraties overlast,normale groei,0.6,6.0,10.0
376,Oud IJsselmonde,1.2.1 Diefstal uit/vanaf motorvoertuigen,normale groei,2.0,10.0,5.0
377,Oud IJsselmonde,Totaal misdrijven,extreem hoge groei,2.5641025641025643,100.0,39.0
378,Oud IJsselmonde,Totaal registraties overlast,normale groei,0.8947368421052632,17.0,19.0
379,Lombardijen,"1.2.3 Diefstal van brom-, snor-, fietsen",normale groei,1.0,4.0,4.0
380,Lombardijen,1.4.5 Mishandeling,normale groei,0.8571428571428571,6.0,7.0
381,Lombardijen,2.2.1 Vernieling cq. zaakbeschadiging,extreem hoge groei,5.0,5.0,1.0
382,Lombardijen,Geluidshinder overig,extreem lage groei,0.3125,10.0,32.0
383,Lombardijen,Totaal misdrijven,normale groei,1.4655172413793103,85.0,58.0
384,Lombardijen,Totaal registraties overlast,normale groei,0.819672131147541,50.0,61.0
385,Groot IJsselmonde,1.2.1 Diefstal uit/vanaf motorvoertuigen,normale groei,1.3333333333333333,12.0,9.0
386,Groot IJsselmonde,"1.2.3 Diefstal van brom-, snor-, fietsen",normale groei,0.875,7.0,8.0
387,Groot IJsselmonde,1.4.4 Bedreiging,normale groei,1.4444444444444444,13.0,9.0
388,Groot IJsselmonde,1.4.5 Mishandeling,normale groei,0.625,10.0,16.0
389,Groot IJsselmonde,2.2.1 Vernieling cq. zaakbeschadiging,normale groei,0.5238095238095238,11.0,21.0
390,Groot IJsselmonde,2.5.2 Winkeldiefstal,normale groei,1.4444444444444444,13.0,9.0
391,Groot IJsselmonde,Geluidshinder overig,normale groei,1.3478260869565217,31.0,23.0
392,Groot IJsselmonde,Melding overlast jeugd,normale groei,0.5416666666666666,13.0,24.0
393,Groot IJsselmonde,Overlast door verward persoon,normale groei,0.8947368421052632,17.0,19.0
394,Groot IJsselmonde,Totaal misdrijven,normale groei,1.0440251572327044,166.0,159.0
395,Groot IJsselmonde,Totaal registraties overlast,normale groei,0.9753086419753086,79.0,81.0
396,Beverwaard,Geluidshinder overig,normale groei,1.125,9.0,8.0
397,Beverwaard,Totaal misdrijven,normale groei,0.813953488372093,35.0,43.0
398,Beverwaard,Totaal registraties overlast,normale groei,1.0588235294117647,18.0,17.0
399,Pernis,Totaal misdrijven,normale groei,1.1111111111111112,10.0,9.0
400,'s-Gravenland,Totaal misdrijven,normale groei,0.9615384615384616,25.0,26.0
401,'s-Gravenland,Totaal registraties overlast,normale groei,1.125,9.0,8.0
402,Prinsenland,Geluidshinder overig,normale groei,0.8333333333333334,5.0,6.0
403,Prinsenland,Totaal misdrijven,normale groei,0.9444444444444444,34.0,36.0
404,Prinsenland,Totaal registraties overlast,normale groei,0.5,13.0,26.0
405,Het Lage Land,2.2.1 Vernieling cq. zaakbeschadiging,normale groei,0.5,1.0,2.0
406,Het Lage Land,Overlast door verward persoon,normale groei,1.0,6.0,6.0
407,Het Lage Land,Totaal misdrijven,normale groei,0.9454545454545454,52.0,55.0
408,Het Lage Land,Totaal registraties overlast,normale groei,0.5263157894736842,20.0,38.0
409,Ommoord,1.2.1 Diefstal uit/vanaf motorvoertuigen,normale groei,1.5,6.0,4.0
410,Ommoord,"1.2.3 Diefstal van brom-, snor-, fietsen",normale groei,0.5555555555555556,5.0,9.0
411,Ommoord,Geluidshinder overig,normale groei,0.4117647058823529,7.0,17.0
412,Ommoord,Totaal misdrijven,normale groei,0.6,63.0,105.0
413,Ommoord,Totaal registraties overlast,normale groei,0.8,44.0,55.0
414,Zevenkamp,2.2.1 Vernieling cq. zaakbeschadiging,normale groei,0.5,3.0,6.0
415,Zevenkamp,Geluidshinder overig,normale groei,0.8666666666666667,13.0,15.0
416,Zevenkamp,Melding overlast jeugd,normale groei,0.36363636363636365,4.0,11.0
417,Zevenkamp,Overlast door verward persoon,normale groei,0.95,19.0,20.0
418,Zevenkamp,Totaal misdrijven,normale groei,0.8,44.0,55.0
419,Zevenkamp,Totaal registraties overlast,normale groei,0.8,40.0,50.0
420,Oosterflank,"1.2.3 Diefstal van brom-, snor-, fietsen",extreem hoge groei,4.333333333333333,13.0,3.0
421,Oosterflank,2.5.2 Winkeldiefstal,normale groei,0.5,3.0,6.0
422,Oosterflank,Geluidshinder overig,normale groei,0.625,5.0,8.0
423,Oosterflank,Totaal misdrijven,normale groei,1.0,65.0,65.0
424,Oosterflank,Totaal registraties overlast,normale groei,0.5365853658536586,22.0,41.0
425,Nesselande,Totaal misdrijven,extreem hoge groei,2.1176470588235294,36.0,17.0
426,Nesselande,Totaal registraties overlast,normale groei,0.8666666666666667,13.0,15.0
427,Charlois Zuidrand,Totaal misdrijven,normale groei,0.55,11.0,20.0
428,Tarwewijk,1.2.1 Diefstal uit/vanaf motorvoertuigen,extreem hoge groei,16.0,16.0,1.0
429,Tarwewijk,1.4.5 Mishandeling,extreem lage groei,0.2857142857142857,2.0,7.0
430,Tarwewijk,2.2.1 Vernieling cq. zaakbeschadiging,normale groei,0.8181818181818182,9.0,11.0
431,Tarwewijk,Geluidshinder overig,normale groei,0.6153846153846154,16.0,26.0
432,Tarwewijk,Totaal misdrijven,normale groei,0.968421052631579,92.0,95.0
433,Tarwewijk,Totaal registraties overlast,normale groei,0.6721311475409836,41.0,61.0
434,Carnisse,"1.2.3 Diefstal van brom-, snor-, fietsen",normale groei,1.0,3.0,3.0
435,Carnisse,1.4.5 Mishandeling,normale groei,0.5,2.0,4.0
436,Carnisse,2.2.1 Vernieling cq. zaakbeschadiging,normale groei,1.4,7.0,5.0
437,Carnisse,Geluidshinder overig,extreem lage groei,0.28,7.0,25.0
438,Carnisse,Overlast door verward persoon,normale groei,0.9333333333333333,14.0,15.0
439,Carnisse,Totaal misdrijven,normale groei,1.1964285714285714,67.0,56.0
440,Carnisse,Totaal registraties overlast,normale groei,0.8,40.0,50.0
441,Zuidwijk,1.2.1 Diefstal uit/vanaf motorvoertuigen,normale groei,4.0,8.0,2.0
442,Zuidwijk,1.4.5 Mishandeling,normale groei,0.8333333333333334,5.0,6.0
443,Zuidwijk,2.2.1 Vernieling cq. zaakbeschadiging,normale groei,1.25,10.0,8.0
444,Zuidwijk,Geluidshinder overig,normale groei,0.46153846153846156,12.0,26.0
445,Zuidwijk,Overlast door verward persoon,normale groei,2.4,12.0,5.0
446,Zuidwijk,Totaal misdrijven,normale groei,0.9560439560439561,87.0,91.0
447,Zuidwijk,Totaal registraties overlast,normale groei,0.6666666666666666,38.0,57.0
448,Oud Charlois,1.4.5 Mishandeling,normale groei,1.0,7.0,7.0
449,Oud Charlois,2.2.1 Vernieling cq. zaakbeschadiging,normale groei,2.25,9.0,4.0
450,Oud Charlois,Geluidshinder overig,extreem lage groei,0.34782608695652173,8.0,23.0
451,Oud Charlois,Overlast door verward persoon,normale groei,1.5,12.0,8.0
452,Oud Charlois,Totaal misdrijven,normale groei,1.4745762711864407,87.0,59.0
453,Oud Charlois,Totaal registraties overlast,normale groei,0.7,28.0,40.0
454,Zuidplein,2.5.2 Winkeldiefstal,extreem hoge groei,4.333333333333333,13.0,3.0
455,Zuidplein,Totaal misdrijven,extreem hoge groei,1.9428571428571428,68.0,35.0
456,Zuidplein,Totaal registraties overlast,normale groei,0.775,31.0,40.0
457,Pendrecht,2.2.1 Vernieling cq. zaakbeschadiging,normale groei,1.2222222222222223,11.0,9.0
458,Pendrecht,Geluidshinder overig,extreem lage groei,0.2222222222222222,2.0,9.0
459,Pendrecht,Totaal misdrijven,normale groei,0.868421052631579,66.0,76.0
460,Pendrecht,Totaal registraties overlast,normale groei,0.7142857142857143,20.0,28.0
461,Zuiderpark,Totaal misdrijven,normale groei,1.8888888888888888,51.0,27.0
462,Hoogvliet Noord,Geluidshinder overig,normale groei,0.5,7.0,14.0
463,Hoogvliet Noord,Totaal misdrijven,normale groei,1.3777777777777778,62.0,45.0
464,Hoogvliet Noord,Totaal registraties overlast,normale groei,0.8823529411764706,30.0,34.0
465,Hoogvliet Zuid,2.2.1 Vernieling cq. zaakbeschadiging,normale groei,2.25,9.0,4.0
466,Hoogvliet Zuid,Geluidshinder overig,extreem lage groei,0.23684210526315788,9.0,38.0
467,Hoogvliet Zuid,Overlast door verward persoon,normale groei,1.8125,29.0,16.0
468,Hoogvliet Zuid,Totaal misdrijven,normale groei,0.9242424242424242,61.0,66.0
469,Hoogvliet Zuid,Totaal registraties overlast,extreem lage groei,0.618421052631579,47.0,76.0
470,Strand en Duin,Totaal misdrijven,normale groei,0.875,7.0,8.0
471,Dorp,Totaal misdrijven,normale groei,0.8125,13.0,16.0
472,Dorp,Totaal registraties overlast,normale groei,0.4782608695652174,11.0,23.0
473,Spaanse Polder,1.2.1 Diefstal uit/vanaf motorvoertuigen,normale groei,3.25,13.0,4.0
474,Spaanse Polder,Totaal misdrijven,extreem hoge groei,2.8,70.0,25.0
475,Nieuw Mathenesse,Totaal misdrijven,extreem hoge groei,4.636363636363637,51.0,11.0
476,Waalhaven,Totaal misdrijven,normale groei,1.0,12.0,12.0
477,Eemhaven,Totaal misdrijven,normale groei,0.5454545454545454,6.0,11.0
478,Waalhaven Zuid,Totaal misdrijven,extreem hoge groei,5.5,11.0,2.0
479,Botlek,Totaal misdrijven,normale groei,0.9565217391304348,22.0,23.0
480,Europoort,Totaal misdrijven,normale groei,1.1,11.0,10.0
481,Maasvlakte,Totaal misdrijven,normale groei,1.0666666666666667,16.0,15.0
482,Bedrijvenpark Noord-West,Totaal misdrijven,normale groei,2.142857142857143,15.0,7.0
483,Rozenburg,Geluidshinder overig,normale groei,0.29411764705882354,5.0,17.0
484,Rozenburg,Melding overlast jeugd,normale groei,0.3125,5.0,16.0
485,Rozenburg,Totaal misdrijven,normale groei,0.85,34.0,40.0
486,Rozenburg,Totaal registraties overlast,extreem lage groei,0.2894736842105263,11.0,38.0
